timestamp,current_price,predicted_price,smoothed_predicted,decision
2025-05-10 21:44:23,144571000.0,144282670.0,144282670.0,hold
2025-05-10 21:47:23,144550000.0,144272590.0,144277630.0,hold
2025-05-10 21:53:55,144600000.0,144124960.0,144124960.0,hold
2025-05-11 00:22:37,144218000.0,145453060.0,145453060.0,buy
2025-05-11 00:25:37,144206000.0,145445860.0,145449460.0,buy
2025-05-11 00:28:38,144211000.0,145448850.0,145449260.0,buy
2025-05-11 00:31:38,144260000.0,145478190.0,145457650.0,buy
2025-05-11 00:34:39,144285000.0,145493150.0,145473390.0,buy
2025-05-11 00:37:40,144156000.0,145415950.0,145462420.0,buy
2025-05-11 00:40:40,144155000.0,145415360.0,145441490.0,buy
2025-05-11 00:43:41,144113000.0,145390240.0,145407180.0,buy
2025-05-11 00:46:41,144270000.0,145484180.0,145429940.0,buy
2025-05-11 00:49:42,144181000.0,145430930.0,145435120.0,buy
2025-05-11 00:52:43,144088000.0,145375300.0,145430130.0,buy
2025-05-11 00:55:43,144086000.0,145374060.0,145393420.0,buy
2025-05-11 00:58:44,144022000.0,145335780.0,145361710.0,buy
2025-05-11 01:01:44,144129000.0,145380670.0,145363500.0,buy
2025-05-11 01:04:45,144081000.0,145371100.0,145362510.0,buy
2025-05-11 01:07:46,144083000.0,145372270.0,145374670.0,buy
2025-05-11 01:10:46,144033000.0,145342370.0,145361900.0,buy
2025-05-11 01:13:47,144078000.0,145369300.0,145361300.0,buy
2025-05-11 01:16:47,144333000.0,145521890.0,145411180.0,buy
2025-05-11 01:19:48,144202000.0,145443470.0,145444880.0,buy
2025-05-11 01:22:48,144203000.0,145444080.0,145469820.0,buy
2025-05-11 01:25:49,144183000.0,145432110.0,145439890.0,buy
2025-05-11 01:28:50,144130000.0,145400420.0,145425540.0,buy
2025-05-11 01:31:50,144146000.0,145409970.0,145414160.0,buy
2025-05-11 01:34:51,144207000.0,145446500.0,145418960.0,buy
2025-05-11 01:37:51,144219000.0,145453060.0,145436500.0,buy
2025-05-11 01:40:52,144140000.0,145406380.0,145435310.0,buy
2025-05-11 01:43:53,144080000.0,145370480.0,145409980.0,buy
2025-05-11 01:46:53,144051000.0,145353140.0,145376660.0,buy
2025-05-11 01:49:54,144017000.0,145332800.0,145352140.0,buy
2025-05-11 01:52:54,144000000.0,145322610.0,145336200.0,buy
2025-05-11 01:55:55,144067000.0,145362690.0,145339380.0,buy
2025-05-11 01:58:56,144069000.0,145363890.0,145349740.0,buy
2025-05-11 02:01:56,144117000.0,145392590.0,145373060.0,buy
2025-05-11 02:04:57,144082000.0,145371710.0,145376060.0,buy
2025-05-11 02:07:57,144087000.0,145374670.0,145379650.0,buy
2025-05-11 02:10:58,144083000.0,145374670.0,145373680.0,buy
2025-05-11 02:13:59,144000000.0,145322610.0,145357310.0,buy
2025-05-11 02:16:59,143942000.0,145287920.0,145328400.0,buy
2025-05-11 02:20:00,143963000.0,145299890.0,145303470.0,buy
2025-05-11 02:23:00,143937000.0,145284930.0,145290910.0,buy
2025-05-11 02:26:01,143913000.0,145270610.0,145285140.0,buy
2025-05-11 02:29:02,143910000.0,145268780.0,145274770.0,buy
2025-05-11 02:32:02,143912000.0,145269980.0,145269800.0,buy
2025-05-11 02:35:03,143905000.0,145265800.0,145268180.0,buy
2025-05-11 02:38:03,143936000.0,145284340.0,145273360.0,buy
2025-05-11 02:41:04,144024000.0,145336980.0,145295700.0,buy
2025-05-11 02:44:05,143851000.0,145226910.0,145282740.0,buy
2025-05-11 02:47:05,143850000.0,145232880.0,145265600.0,buy
2025-05-11 02:50:06,143676000.0,145128830.0,145196210.0,buy
2025-05-11 02:53:06,143708000.0,145147980.0,145169900.0,buy
2025-05-11 02:56:07,143661000.0,145119870.0,145132220.0,buy
2025-05-11 02:59:07,143599000.0,145082190.0,145116670.0,buy
2025-05-11 03:02:08,143532000.0,145042720.0,145081580.0,buy
2025-05-11 03:05:09,143597000.0,145081600.0,145068850.0,buy
2025-05-11 03:08:09,143556000.0,145057100.0,145060480.0,buy
2025-05-11 03:11:10,143559000.0,145058900.0,145065860.0,buy
2025-05-11 03:14:10,143736000.0,145164740.0,145093580.0,buy
2025-05-11 03:17:11,143719000.0,145154560.0,145126060.0,buy
2025-05-11 03:20:12,143641000.0,145107900.0,145142400.0,buy
2025-05-11 03:23:12,143559000.0,145058900.0,145107120.0,buy
2025-05-11 03:26:13,143556000.0,145057100.0,145074620.0,buy
2025-05-11 03:29:13,143705000.0,145146190.0,145087410.0,buy
2025-05-11 03:32:14,143706000.0,145146780.0,145116690.0,buy
2025-05-11 03:35:15,143619000.0,145094750.0,145129250.0,buy
2025-05-11 03:38:15,143548000.0,145052290.0,145097940.0,buy
2025-05-11 03:41:16,143548000.0,145052290.0,145066450.0,buy
2025-05-11 03:44:16,143654000.0,145115660.0,145073400.0,buy
2025-05-11 03:47:17,143650000.0,145113280.0,145093740.0,buy
2025-05-11 03:50:18,143708000.0,145147980.0,145125630.0,buy
2025-05-11 03:53:18,143789000.0,145196430.0,145152560.0,buy
2025-05-11 03:56:19,143820000.0,145214940.0,145186450.0,buy
2025-05-11 03:59:19,143871000.0,145245460.0,145218940.0,buy
2025-05-11 04:02:20,143836000.0,145224530.0,145228300.0,buy
2025-05-11 04:05:21,143728000.0,145159950.0,145209980.0,buy
2025-05-11 04:08:21,143649000.0,145112670.0,145165710.0,buy
2025-05-11 04:11:22,143581000.0,145072050.0,145114900.0,buy
2025-05-11 04:14:22,143581000.0,145072050.0,145085580.0,buy
2025-05-11 04:17:23,143581000.0,145072050.0,145072050.0,buy
2025-05-11 04:20:23,143741000.0,145167730.0,145103940.0,buy
2025-05-11 04:23:24,143740000.0,145167140.0,145135630.0,buy
2025-05-11 04:26:25,143741000.0,145167730.0,145167540.0,buy
2025-05-11 04:29:25,143823000.0,145216740.0,145183860.0,buy
2025-05-11 04:32:26,143822000.0,145216140.0,145200200.0,buy
2025-05-11 04:35:26,143851000.0,145233490.0,145222130.0,buy
2025-05-11 04:38:27,143898000.0,145261600.0,145237070.0,buy
2025-05-11 04:41:28,143893000.0,145258620.0,145251250.0,buy
2025-05-11 04:44:28,143910000.0,145268780.0,145262990.0,buy
2025-05-11 04:47:29,143910000.0,145268780.0,145265400.0,buy
2025-05-11 04:50:29,143911000.0,145269390.0,145269000.0,buy
2025-05-11 04:53:30,143851000.0,145233490.0,145257220.0,buy
2025-05-11 04:56:31,143757000.0,145177280.0,145226720.0,buy
2025-05-11 04:59:31,143830000.0,145220930.0,145210560.0,buy
2025-05-11 05:02:32,143739000.0,145166510.0,145188240.0,buy
2025-05-11 05:05:32,143672000.0,145126460.0,145171310.0,buy
2025-05-11 05:08:33,143649000.0,145112670.0,145135220.0,buy
2025-05-11 05:11:33,143860000.0,145238860.0,145159340.0,buy
2025-05-11 05:14:34,143857000.0,145237070.0,145196210.0,buy
2025-05-11 05:17:35,143852000.0,145234100.0,145236670.0,buy
2025-05-11 05:20:35,143898000.0,145261600.0,145244260.0,buy
2025-05-11 05:23:36,143826000.0,145218530.0,145238060.0,buy
2025-05-11 05:26:36,143890000.0,145256830.0,145245650.0,buy
2025-05-11 05:29:37,143864000.0,145241260.0,145238860.0,buy
2025-05-11 05:32:38,143824000.0,145217330.0,145238480.0,buy
2025-05-11 05:35:38,143832000.0,145222130.0,145226900.0,buy
2025-05-11 05:38:39,143832000.0,145222130.0,145220530.0,buy
2025-05-11 05:41:39,143824000.0,145217330.0,145220530.0,buy
2025-05-11 05:44:40,143870000.0,145244850.0,145228100.0,buy
2025-05-11 05:47:40,143824000.0,145217330.0,145226500.0,buy
2025-05-11 05:50:41,143818000.0,145213760.0,145225310.0,buy
2025-05-11 05:53:42,143790000.0,145197000.0,145209360.0,buy
2025-05-11 05:56:42,143716000.0,145152750.0,145187840.0,buy
2025-05-11 05:59:43,143661000.0,145119870.0,145156540.0,buy
2025-05-11 06:02:43,143772000.0,145186260.0,145152960.0,buy
2025-05-11 06:05:44,143686000.0,145134820.0,145146980.0,buy
2025-05-11 06:08:45,143685000.0,145134200.0,145151760.0,buy
2025-05-11 06:11:45,143686000.0,145134820.0,145134610.0,buy
2025-05-11 06:14:46,143686000.0,145134820.0,145134610.0,buy
2025-05-11 06:17:46,143672000.0,145126460.0,145132030.0,buy
2025-05-11 06:20:47,143672000.0,145126460.0,145129250.0,buy
2025-05-11 06:23:48,143671000.0,145125820.0,145126260.0,buy
2025-05-11 06:26:48,143659000.0,145118670.0,145123650.0,buy
2025-05-11 06:29:49,143631000.0,145101900.0,145115460.0,buy
2025-05-11 06:32:49,143624000.0,145097740.0,145106110.0,buy
2025-05-11 06:35:50,143629000.0,145100750.0,145100140.0,buy
2025-05-11 06:38:50,143664000.0,145121680.0,145106740.0,buy
2025-05-11 06:41:51,143663000.0,145121060.0,145114500.0,buy
2025-05-11 06:44:52,143691000.0,145137810.0,145126850.0,buy
2025-05-11 06:47:53,143830000.0,145255000.0,145171300.0,buy
2025-05-11 06:50:53,143900000.0,145262800.0,145218540.0,buy
2025-05-11 06:53:54,143889000.0,145256200.0,145258000.0,buy
2025-05-11 06:56:55,144056000.0,145356110.0,145291700.0,buy
2025-05-11 06:59:55,144174000.0,145426700.0,145346320.0,buy
2025-05-11 07:02:56,144000000.0,145322610.0,145368460.0,buy
2025-05-11 07:05:56,144109000.0,145387840.0,145379060.0,buy
2025-05-11 07:08:57,144088000.0,145375300.0,145361920.0,buy
2025-05-11 07:11:58,144046000.0,145350140.0,145371090.0,buy
2025-05-11 07:14:58,144043000.0,145348340.0,145357940.0,buy
2025-05-11 07:17:59,144086000.0,145374060.0,145357520.0,buy
2025-05-11 07:20:59,144097000.0,145368110.0,145363500.0,buy
2025-05-11 07:24:00,144063000.0,145360320.0,145367500.0,buy
2025-05-11 07:27:00,144055000.0,145355520.0,145361330.0,buy
2025-05-11 07:30:01,144062000.0,145359730.0,145358530.0,buy
2025-05-11 07:33:02,144097000.0,145380670.0,145365310.0,buy
2025-05-11 07:36:02,144105000.0,145385440.0,145375280.0,buy
2025-05-11 07:39:03,144135000.0,145403400.0,145389840.0,buy
2025-05-11 07:42:04,144134000.0,145402800.0,145397200.0,buy
2025-05-11 07:45:04,144100000.0,145382460.0,145396220.0,buy
2025-05-11 07:48:05,144056000.0,145356110.0,145380460.0,buy
2025-05-11 07:51:05,144000000.0,145322610.0,145353730.0,buy
2025-05-11 07:54:06,144014000.0,145330990.0,145336580.0,buy
2025-05-11 07:57:07,144081000.0,145371100.0,145341570.0,buy
2025-05-11 08:00:07,143969000.0,145304100.0,145335400.0,buy
2025-05-11 08:03:08,143919000.0,145274160.0,145316460.0,buy
2025-05-11 08:06:08,143899000.0,145262190.0,145280140.0,buy
2025-05-11 08:09:09,143918000.0,145273550.0,145269970.0,buy
2025-05-11 08:12:10,144041000.0,145347150.0,145294290.0,buy
2025-05-11 08:15:10,144253000.0,145474000.0,145364910.0,buy
2025-05-11 09:37:36,144753000.0,139838997.6978302,139838997.6978302,sell
2025-05-11 09:41:13,144633000.0,145407338.50502968,145407338.50502968,buy
2025-05-11 09:44:14,144776000.0,145430467.44179726,145418902.97341347,hold
2025-05-11 09:47:14,144888000.0,145448742.25866795,145428849.40183163,hold
2025-05-11 09:50:15,144901000.0,145451230.9191227,145443480.2065293,hold
2025-05-11 09:53:15,144768000.0,145430566.00260735,145443513.06013265,hold
2025-05-11 09:56:16,144700000.0,145420151.41034126,145433982.7773571,buy
2025-05-11 09:59:17,144731000.0,145425079.45084572,145425265.6212648,hold
2025-05-11 10:02:17,144362000.0,145383051.47874355,145409427.4466435,buy
2025-05-11 10:05:18,144545000.0,145396472.17571735,145401534.36843553,buy
2025-05-11 10:08:19,144708000.0,145422804.33881283,145400775.9977579,hold
2025-05-11 10:11:19,144707000.0,145421884.43791866,145413720.31748295,hold
2025-05-11 10:14:20,144831000.0,145443231.0667038,145429306.61447844,hold
2025-05-11 10:17:20,144749000.0,145430401.73459053,145431839.07973766,hold
2025-05-11 10:20:21,144691000.0,145421325.9266615,145431652.9093186,buy
2025-05-11 10:23:21,144793000.0,145438327.66640186,145430018.44255129,hold
2025-05-11 10:26:22,144750000.0,145431773.37253094,145430475.6551981,hold
2025-05-11 10:29:23,144762000.0,145433958.13715458,145434686.39202914,hold
2025-05-11 10:32:23,144727000.0,145424323.81796837,145430018.44255129,hold
2025-05-11 10:35:24,144800000.0,145440635.63203812,145432972.5290537,hold
2025-05-11 10:38:24,144829000.0,145445432.25812912,145436797.2360452,hold
2025-05-11 10:41:25,144797000.0,145440610.9918356,145442226.29400095,hold
2025-05-11 10:45:03,144766000.0,144714538.14411163,145200193.79802546,hold
2025-05-11 10:48:03,144670000.0,144699639.0349865,144951596.0569779,hold
2025-05-11 10:51:04,144684000.0,144702135.9088421,144705437.69598007,hold
2025-05-11 10:54:05,144597000.0,144672304.83698845,144691359.926939,hold
2025-05-11 10:57:05,144493000.0,144672715.5070305,144682385.41762033,hold
2025-05-11 11:00:06,144552000.0,144674128.2119751,144673049.5186647,hold
2025-05-11 11:03:06,144464000.0,144668477.39219666,144671773.70373407,hold
2025-05-11 11:06:07,144320000.0,144645726.27186775,144662777.29201317,hold
